[
  {
    "id": 1,
    "name": "grass",
    "type": "ground",
    "sprite": "grass-1",
    "altitude": 0,
    "isUsable": false,
    "isMovable": false,
    "isPickupable": false,
    "isBlockingCreatures": false,
    "isBlockingItems": false,
    "isEquipable": false
  },
  {
    "id": 2,
    "name": "grass",
    "type": "ground",
    "sprite": "grass-2",
    "altitude": 0,
    "isUsable": false,
    "isMovable": false,
    "isPickupable": false,
    "isBlockingCreatures": false,
    "isBlockingItems": false,
    "isEquipable": false
  },
  {
    "id": 3,
    "name": "grass",
    "type": "ground",
    "sprite": "grass-3",
    "altitude": 0,
    "isUsable": false,
    "isMovable": false,
    "isPickupable": false,
    "isBlockingCreatures": false,
    "isBlockingItems": false,
    "isEquipable": false
  },
  {
    "id": 4,
    "name": "grass",
    "type": "ground",
    "sprite": "grass-4",
    "altitude": 0,
    "isUsable": false,
    "isMovable": false,
    "isPickupable": false,
    "isBlockingCreatures": false,
    "isBlockingItems": false,
    "isEquipable": false
  },
  {
    "id": 5,
    "name": "barrel",
    "type": "object",
    "sprite": "barrel",
    "altitude": 16,
    "isUsable": false,
    "isMovable": true,
    "isPickupable": false,
    "isBlockingCreatures": false,
    "isBlockingItems": false,
    "isEquipable": false
  },
  {
    "id": 6,
    "name": "chest",
    "type": "chest",
    "sprite": "chest",
    "altitude": 0,
    "isUsable": true,
    "isMovable": false,
    "isPickupable": false,
    "isBlockingCreatures": true,
    "isBlockingItems": true,
    "isEquipable": false
  },
  {
    "id": 7,
    "name": "wall",
    "type": "object",
    "sprite": "wall",
    "altitude": 0,
    "isUsable": false,
    "isMovable": false,
    "isPickupable": false,
    "isBlockingCreatures": true,
    "isBlockingItems": true,
    "isEquipable": false
  },
  {
    "id": 8,
    "name": "ore vein",
    "type": "ore",
    "sprite": "ore-vein",
    "altitude": 0,
    "isUsable": true,
    "isMovable": false,
    "isPickupable": false,
    "isBlockingCreatures": true,
    "isBlockingItems": true,
    "isEquipable": false
  },
  {
    "id": 9,
    "name": "health potion",
    "type": "object",
    "sprite": "health-potion",
    "altitude": 0,
    "isUsable": true,
    "isMovable": true,
    "isPickupable": true,
    "isBlockingCreatures": false,
    "isBlockingItems": false,
    "isEquipable": false
  },
  {
    "id": 10,
    "name": "ore",
    "type": "object",
    "sprite": "ore",
    "altitude": 0,
    "isUsable": false,
    "isMovable": true,
    "isPickupable": true,
    "isBlockingCreatures": false,
    "isBlockingItems": false,
    "isEquipable": false
  },
  {
    "id": 11,
    "name": "mana-potion",
    "type": "object",
    "sprite": "mana-potion",
    "altitude": 0,
    "isUsable": true,
    "isMovable": true,
    "isPickupable": true,
    "isBlockingCreatures": false,
    "isBlockingItems": false,
    "isEquipable": false
  },
  {
    "id": 12,
    "name": "spikes off",
    "type": "object",
    "sprite": "spikes-off",
    "altitude": 0,
    "isUsable": false,
    "isMovable": false,
    "isPickupable": false,
    "isBlockingCreatures": false,
    "isBlockingItems": false,
    "isEquipable": false
  },
  {
    "id": 13,
    "name": "spikes on",
    "type": "object",
    "sprite": "spikes-on",
    "altitude": 0,
    "isUsable": false,
    "isMovable": false,
    "isPickupable": false,
    "isBlockingCreatures": true,
    "isBlockingItems": false,
    "isEquipable": false
  },
  {
    "id": 14,
    "name": "plate armor",
    "type": "equipment",
    "sprite": "armor",
    "altitude": 0,
    "isUsable": false,
    "isMovable": true,
    "isPickupable": true,
    "isBlockingCreatures": false,
    "isBlockingItems": false,
    "isEquipable": true
  }
]
