{
    "inventoryOpen":  {
        "sfx": 1,
        "preload":true
    },
    "inventoryClose": {
        "sfx": 2,
        "preload": true
    },
    "spikes":  {
        "sfx": 3,
        "preload": true
    },
    "click": {
        "sfx": 4,
        "preload": true
    },
    "confirm":  {
        "sfx": 5,
        "preload": true
    },
    "chest": {
        "sfx": 6,
        "preload": true
    },
    "footstep":  {
        "sfx": 7,
        "preload": true
    },
    "dead": {
        "sfx": 8,
        "preload": true
    },
    "mining":  {
        "sfx": 9,
        "preload": true
    },
    "pickup": {
        "sfx": 10,
        "preload": true
    },
    "potion":  {
        "sfx": 11,
        "preload": true
    },
    "login": {
        "sfx": 12,
        "preload": true
    }
}
