{
    "grass-1": {
        "gfx": 1
    },
    "grass-2": {
        "gfx": 2
    },
    "grass-3": {
        "gfx": 3
    },
    "grass-4": {
        "gfx": 4
    },
    "barrel": {
        "gfx": 5
    },
    "chest": {
        "gfx": 6
    },
    "wall": {
        "gfx": 7
    },
    "health-potion": {
        "gfx": 8
    },
    "mana-potion": {
        "gfx": 9
    },
    "outfit": {
        "gfx": 10,
        "speed": 125,
        "states": {
            "idle-south": [
                {"x": 0, "y": 0, "w": 48, "h": 48}
            ],
            "idle-west": [
                {"x": 48, "y": 0, "w": 48, "h": 48}
            ],
            "idle-north": [
                {"x": 96, "y": 0, "w": 48, "h": 48}
            ],
            "idle-east": [
                {"x": 144, "y": 0, "w": 48, "h": 48}
            ],
            "walk-south": [
                {"x": 0, "y": 48, "w": 48, "h": 48},
                {"x": 0, "y": 96, "w": 48, "h": 48},
                {"x": 0, "y": 144, "w": 48, "h": 48},
                {"x": 0, "y": 192, "w": 48, "h": 48},
                {"x": 0, "y": 240, "w": 48, "h": 48},
                {"x": 0, "y": 288, "w": 48, "h": 48}
            ],
            "walk-west": [
                {"x": 48, "y": 48, "w": 48, "h": 48},
                {"x": 48, "y": 96, "w": 48, "h": 48}
            ],
            "walk-north": [
                {"x": 96, "y": 48, "w": 48, "h": 48},
                {"x": 96, "y": 96, "w": 48, "h": 48}
            ],
            "walk-east": [
                {"x": 144, "y": 48, "w": 48, "h": 48},
                {"x": 144, "y": 96, "w": 48, "h": 48},
                {"x": 144, "y": 144, "w": 48, "h": 48},
                {"x": 144, "y": 192, "w": 48, "h": 48},
                {"x": 144, "y": 240, "w": 48, "h": 48},
                {"x": 144, "y": 288, "w": 48, "h": 48}
            ]
        }
    },
    "ore-vein": {
        "gfx": 11
    },
    "ore": {
        "gfx": 12
    },
    "effect-ore-hit": {
        "gfx": 13,
        "speed": 50,
        "states": {
            "default": [
                {"x": 0, "y": 0, "w": 32, "h": 32},
                {"x": 32, "y": 0, "w": 32, "h": 32},
                {"x": 64, "y": 0, "w": 32, "h": 32},
                {"x": 96, "y": 0, "w": 32, "h": 32},
                {"x": 128, "y": 0, "w": 32, "h": 32},
                {"x": 0, "y": 32, "w": 32, "h": 32},
                {"x": 32, "y": 32, "w": 32, "h": 32},
                {"x": 64, "y": 32, "w": 32, "h": 32}
            ]
        }
    },
    "effect-energy": {
        "gfx": 14,
        "speed": 50,
        "states": {
            "default": [
                {"x": 0, "y": 0, "w": 32, "h": 32},
                {"x": 32, "y": 0, "w": 32, "h": 32},
                {"x": 64, "y": 0, "w": 32, "h": 32},
                {"x": 96, "y": 0, "w": 32, "h": 32},
                {"x": 128, "y": 0, "w": 32, "h": 32},
                {"x": 160, "y": 0, "w": 32, "h": 32},
                {"x": 192, "y": 0, "w": 32, "h": 32},
                {"x": 224, "y": 0, "w": 32, "h": 32}
            ]
        }
    },
    "effect-sparkles": {
        "gfx": 15,
        "mask": 16,
        "speed": 20,
        "states": {
            "default": [
                {"x": 0, "y": 0, "w": 32, "h": 32},
                {"x": 32, "y": 0, "w": 32, "h": 32},
                {"x": 64, "y": 0, "w": 32, "h": 32},
                {"x": 96, "y": 0, "w": 32, "h": 32},
                {"x": 128, "y": 0, "w": 32, "h": 32},
                {"x": 0, "y": 32, "w": 32, "h": 32},
                {"x": 32, "y": 32, "w": 32, "h": 32},
                {"x": 64, "y": 32, "w": 32, "h": 32},
                {"x": 96, "y": 32, "w": 32, "h": 32},
                {"x": 128, "y": 32, "w": 32, "h": 32},
                {"x": 0, "y": 64, "w": 32, "h": 32},
                {"x": 32, "y": 64, "w": 32, "h": 32},
                {"x": 64, "y": 64, "w": 32, "h": 32},
                {"x": 96, "y": 64, "w": 32, "h": 32},
                {"x": 128, "y": 64, "w": 32, "h": 32},
                {"x": 0, "y": 96, "w": 32, "h": 32},
                {"x": 32, "y": 96, "w": 32, "h": 32},
                {"x": 64, "y": 96, "w": 32, "h": 32},
                {"x": 96, "y": 96, "w": 32, "h": 32},
                {"x": 128, "y": 96, "w": 32, "h": 32}
            ]
        }
    },
    "pointer-cross-yellow": {
        "gfx": 17,
        "speed": 30,
        "states": {
            "default": [
                {"x": 0, "y": 0, "w": 16, "h": 16},
                {"x": 16, "y": 0, "w": 16, "h": 16},
                {"x": 32, "y": 0, "w": 16, "h": 16},
                {"x": 48, "y": 0, "w": 16, "h": 16},
                {"x": 64, "y": 0, "w": 16, "h": 16},
                {"x": 80, "y": 0, "w": 16, "h": 16},
                {"x": 96, "y": 0, "w": 16, "h": 16},
                {"x": 112, "y": 0, "w": 16, "h": 16},
                {"x": 128, "y": 0, "w": 16, "h": 16},
                {"x": 144, "y": 0, "w": 16, "h": 16}
            ]
        }
    },
    "pointer-cross-red": {
        "gfx": 18,
        "speed": 30,
        "states": {
            "default": [
                {"x": 0, "y": 0, "w": 16, "h": 16},
                {"x": 16, "y": 0, "w": 16, "h": 16},
                {"x": 32, "y": 0, "w": 16, "h": 16},
                {"x": 48, "y": 0, "w": 16, "h": 16},
                {"x": 64, "y": 0, "w": 16, "h": 16},
                {"x": 80, "y": 0, "w": 16, "h": 16},
                {"x": 96, "y": 0, "w": 16, "h": 16},
                {"x": 112, "y": 0, "w": 16, "h": 16},
                {"x": 128, "y": 0, "w": 16, "h": 16},
                {"x": 144, "y": 0, "w": 16, "h": 16}
            ]
        }
    },
    "hp-bar": {
        "gfx": 19
    },
    "spikes-off": {
        "gfx": 20
    },
    "spikes-on": {
        "gfx": 21
    },
    "armor": {
        "gfx": 22
    },
    "effect-blood": {
        "gfx": 23,
        "speed": 70,
        "states": {
            "default": [
                {"x": 0, "y": 0, "w": 32, "h": 32},
                {"x": 32, "y": 0, "w": 32, "h": 32},
                {"x": 64, "y": 0, "w": 32, "h": 32},
                {"x": 96, "y": 0, "w": 32, "h": 32},
                {"x": 128, "y": 0, "w": 32, "h": 32},
                {"x": 160, "y": 0, "w": 32, "h": 32}
            ]
        }
    },
    "charset": {
        "gfx": 24,
        "mask": 25,
        "states": {
            "a": [{"x": 0, "y": 0, "w": 0, "h": 19}],
            "ą": [{"x": 15, "y": 0, "w": 0, "h": 19}],
            "b": [{"x": 30, "y": 0, "w": 0, "h": 19}],
            "c": [{"x": 45, "y": 0, "w": 0, "h": 19}],
            "ć": [{"x": 60, "y": 0, "w": 0, "h": 19}],
            "d": [{"x": 75, "y": 0, "w": 0, "h": 19}],
            "e": [{"x": 90, "y": 0, "w": 0, "h": 19}],
            "ę": [{"x": 105, "y": 0, "w": 0, "h": 19}],
            "f": [{"x": 120, "y": 0, "w": 0, "h": 19}],
            "g": [{"x": 135, "y": 0, "w": 0, "h": 19}],
            "h": [{"x": 150, "y": 0, "w": 0, "h": 19}],
            "i": [{"x": 165, "y": 0, "w": 0, "h": 19}],
            "j": [{"x": 180, "y": 0, "w": 0, "h": 19}],
            "k": [{"x": 195, "y": 0, "w": 0, "h": 19}],
            "l": [{"x": 210, "y": 0, "w": 0, "h": 19}],
            "ł": [{"x": 225, "y": 0, "w": 0, "h": 19}],
            "m": [{"x": 240, "y": 0, "w": 0, "h": 19}],
            "n": [{"x": 255, "y": 0, "w": 0, "h": 19}],
            "ń": [{"x": 270, "y": 0, "w": 0, "h": 19}],
            "o": [{"x": 285, "y": 0, "w": 0, "h": 19}],
            "ó": [{"x": 300, "y": 0, "w": 0, "h": 19}],
            "p": [{"x": 315, "y": 0, "w": 0, "h": 19}],
            "q": [{"x": 330, "y": 0, "w": 0, "h": 19}],
            "r": [{"x": 345, "y": 0, "w": 0, "h": 19}],
            "s": [{"x": 360, "y": 0, "w": 0, "h": 19}],
            "ś": [{"x": 375, "y": 0, "w": 0, "h": 19}],
            "t": [{"x": 390, "y": 0, "w": 0, "h": 19}],
            "u": [{"x": 405, "y": 0, "w": 0, "h": 19}],
            "v": [{"x": 420, "y": 0, "w": 0, "h": 19}],
            "w": [{"x": 435, "y": 0, "w": 0, "h": 19}],
            "x": [{"x": 450, "y": 0, "w": 0, "h": 19}],
            "y": [{"x": 465, "y": 0, "w": 0, "h": 19}],
            "z": [{"x": 480, "y": 0, "w": 0, "h": 19}],
            "ź": [{"x": 495, "y": 0, "w": 0, "h": 19}],
            "ż": [{"x": 510, "y": 0, "w": 0, "h": 19}],
            "A": [{"x": 0, "y": 19, "w": 0, "h": 19}],
            "Ą": [{"x": 15, "y": 19, "w": 0, "h": 19}],
            "B": [{"x": 30, "y": 19, "w": 0, "h": 19}],
            "C": [{"x": 45, "y": 19, "w": 0, "h": 19}],
            "Ć": [{"x": 60, "y": 19, "w": 0, "h": 19}],
            "D": [{"x": 75, "y": 19, "w": 0, "h": 19}],
            "E": [{"x": 90, "y": 19, "w": 0, "h": 19}],
            "Ę": [{"x": 105, "y": 19, "w": 0, "h": 19}],
            "F": [{"x": 120, "y": 19, "w": 0, "h": 19}],
            "G": [{"x": 135, "y": 19, "w": 0, "h": 19}],
            "H": [{"x": 150, "y": 19, "w": 0, "h": 19}],
            "I": [{"x": 165, "y": 19, "w": 0, "h": 19}],
            "J": [{"x": 180, "y": 19, "w": 0, "h": 19}],
            "K": [{"x": 195, "y": 19, "w": 0, "h": 19}],
            "L": [{"x": 210, "y": 19, "w": 0, "h": 19}],
            "Ł": [{"x": 225, "y": 19, "w": 0, "h": 19}],
            "M": [{"x": 240, "y": 19, "w": 0, "h": 19}],
            "N": [{"x": 255, "y": 19, "w": 0, "h": 19}],
            "Ń": [{"x": 270, "y": 19, "w": 0, "h": 19}],
            "O": [{"x": 285, "y": 19, "w": 0, "h": 19}],
            "Ó": [{"x": 300, "y": 19, "w": 0, "h": 19}],
            "P": [{"x": 315, "y": 19, "w": 0, "h": 19}],
            "Q": [{"x": 330, "y": 19, "w": 0, "h": 19}],
            "R": [{"x": 345, "y": 19, "w": 0, "h": 19}],
            "S": [{"x": 360, "y": 19, "w": 0, "h": 19}],
            "Ś": [{"x": 375, "y": 19, "w": 0, "h": 19}],
            "T": [{"x": 390, "y": 19, "w": 0, "h": 19}],
            "U": [{"x": 405, "y": 19, "w": 0, "h": 19}],
            "V": [{"x": 420, "y": 19, "w": 0, "h": 19}],
            "W": [{"x": 435, "y": 19, "w": 0, "h": 19}],
            "X": [{"x": 450, "y": 19, "w": 0, "h": 19}],
            "Y": [{"x": 465, "y": 19, "w": 0, "h": 19}],
            "Z": [{"x": 480, "y": 19, "w": 0, "h": 19}],
            "Ź": [{"x": 495, "y": 19, "w": 0, "h": 19}],
            "Ż": [{"x": 510, "y": 19, "w": 0, "h": 19}],
            "0": [{"x": 0, "y": 38, "w": 0, "h": 19}],
            "1": [{"x": 15, "y": 38, "w": 0, "h": 19}],
            "2": [{"x": 30, "y": 38, "w": 0, "h": 19}],
            "3": [{"x": 45, "y": 38, "w": 0, "h": 19}],
            "4": [{"x": 60, "y": 38, "w": 0, "h": 19}],
            "5": [{"x": 75, "y": 38, "w": 0, "h": 19}],
            "6": [{"x": 90, "y": 38, "w": 0, "h": 19}],
            "7": [{"x": 105, "y": 38, "w": 0, "h": 19}],
            "8": [{"x": 120, "y": 38, "w": 0, "h": 19}],
            "9": [{"x": 135, "y": 38, "w": 0, "h": 19}],
            "!": [{"x": 150, "y": 38, "w": 0, "h": 19}],
            "@": [{"x": 165, "y": 38, "w": 0, "h": 19}],
            "#": [{"x": 180, "y": 38, "w": 0, "h": 19}],
            "$": [{"x": 195, "y": 38, "w": 0, "h": 19}],
            "%": [{"x": 210, "y": 38, "w": 0, "h": 19}],
            "^": [{"x": 225, "y": 38, "w": 0, "h": 19}],
            "&": [{"x": 240, "y": 38, "w": 0, "h": 19}],
            "*": [{"x": 255, "y": 38, "w": 0, "h": 19}],
            "(": [{"x": 270, "y": 38, "w": 0, "h": 19}],
            ")": [{"x": 285, "y": 38, "w": 0, "h": 19}],
            "-": [{"x": 300, "y": 38, "w": 0, "h": 19}],
            "=": [{"x": 315, "y": 38, "w": 0, "h": 19}],
            "_": [{"x": 330, "y": 38, "w": 0, "h": 19}],
            "+": [{"x": 345, "y": 38, "w": 0, "h": 19}],
            "[": [{"x": 360, "y": 38, "w": 0, "h": 19}],
            "]": [{"x": 375, "y": 38, "w": 0, "h": 19}],
            "{": [{"x": 390, "y": 38, "w": 0, "h": 19}],
            "}": [{"x": 405, "y": 38, "w": 0, "h": 19}],
            ";": [{"x": 420, "y": 38, "w": 0, "h": 19}],
            "'": [{"x": 435, "y": 38, "w": 0, "h": 19}],
            ":": [{"x": 450, "y": 38, "w": 0, "h": 19}],
           "\"": [{"x": 465, "y": 38, "w": 0, "h": 19}],
            ",": [{"x": 480, "y": 38, "w": 0, "h": 19}],
            ".": [{"x": 495, "y": 38, "w": 0, "h": 19}],
            "<": [{"x": 510, "y": 38, "w": 0, "h": 19}],
            ">": [{"x": 0, "y": 57, "w": 0, "h": 19}],
            "/": [{"x": 15, "y": 57, "w": 0, "h": 19}],
            "?": [{"x": 30, "y": 57, "w": 0, "h": 19}],
            "`": [{"x": 45, "y": 57, "w": 0, "h": 19}],
            "~": [{"x": 60, "y": 57, "w": 0, "h": 19}]
        }
    },
    "tile-pointer": {
        "gfx": 26
    }
}
